Parameter,S1,ST
conversion,0.18370916466319376,0.18592061443165972
selectivity,0.04012139758508454,0.04206072831983716
C2H6_O2_ratio,0.7739998622106367,0.7739988802690758
